EP,원 주제,훅,투표,심리,메모
EP.078,영화관,주차 편하다고 맨날 같은 영화관?,익숙한 데가 편해 👈 / 👉 가끔은 새로운 데,익숙한 장소는 안전이고 새로운 장소는 우리를 확인하는 자리예요.,대본의 '늘 가던 영화관·주차'에 맞춤. 시트에 없는 3년은 빼 둠
EP.079,알람,"알람 세 번, 깨우는 건 여친 몫?",알람은 각자 👈 / 👉 옆에 있으면 깨워 줘야지,깨워 달라는 말은 게으름보다 아침에도 곁에 있어 달라는 말이에요.,대본은 세 번이라 10번은 세 번으로 맞춤
EP.080,졸업사진,"졸업사진 속 그 여자, 누구야?",과거 사진 질투는 오버 👈 / 👉 설명 정도는 해 줘야지,"과거 사진은 죄가 없지만, 설명 없이 넘기면 현재가 흔들려요.",원안 유지
EP.081,패션,"신호등 패션으로 나온 여친, 말해 말아?",취향 존중 👈 / 👉 한마디는 해도 돼,취향을 고치는 말과 챙겨 주는 말은 한 끝 차이예요.,원안 유지
EP.082,야식,다이어트 중인 남친 앞에서 불닭을 끓였다,먹는 건 자유 👈 / 👉 최소한 배려는,먹는 자유보다 참는 사람 앞에서 냄새까지 나누는 배려가 먼저예요.,원안은 남친이 치킨을 시킨 이야기로 되어 있으나 대본은 반대라 대본에 맞춤
EP.083,숙소선택,잠만 자는 호텔 vs 사진 남는 펜션,잘 자는 게 먼저 👈 / 👉 여행은 분위기,숙소 싸움은 금액보다 그 여행을 무엇으로 기억할지에서 갈려요.,대본에 없는 1박 30만 원은 빼 둠
EP.084,머리 감기,집 데이트라고 머리 안 감고 온 남친,집인데 편하게 👈 / 👉 그래도 기본 예의,편한 사이일수록 기본을 지키는 사람이 더 다정하게 보여요.,원안 유지
EP.085,좌석갈등,"창가 자리, 여친한테 양보 안 한 남자",먼저 앉은 사람 자리 👈 / 👉 여친한테 양보해야지,"양보는 의무가 아니라, 상대를 먼저 떠올리는 습관이에요.",원안 유지
EP.086,PT 등록,"세 번 간 PT, 또 3개월 등록?",본인 돈이면 자유 👈 / 👉 말리는 게 사랑,본인 돈이어도 같이 모으는 미래가 있으면 상의가 필요해요.,대본·원 질문에 없는 60만 원은 빼 둠
EP.087,카페 선택,"커피 맛집 vs 조명 맛집, 어디가 데이트야?",커피는 맛 👈 / 👉 데이트는 분위기,맛과 분위기보다 한 시간을 양보하지 않는 태도가 싸움을 키워요.,대본에 없는 1시간은 빼 둠
EP.088,비상금,코트 주머니에서 나온 비상금 5만 원,내 돈이니 돌려줘 👈 / 👉 숨긴 게 먼저 문제,숨긴 돈은 금액보다 나를 빼 둔 느낌이 더 커요.,대본은 5만 원
EP.089,맛집 대기,"영하 날씨, 맛집 대기 15팀",그냥 옆집 가자 👈 / 👉 여기까지 왔는데 기다려,"기다리는 사람과 옆집으로 가는 사람, 둘 다 데이트를 지키려는 거예요.",대기 팀 수는 대본과 같음
EP.090,강아지 이름,우리 강아지 이름이 '삼겹이'?,귀엽잖아 👈 / 👉 평생 부를 이름인데,"이름은 귀여움이 아니라, 평생 같이 부를 약속이에요.",원안 유지
EP.091,게임기,산 지 한 달 된 게임기 또 업그레이드?,취미엔 돈 써도 돼 👈 / 👉 결혼 자금은?,취미비 싸움은 지금 즐거움과 나중 우리 사이예요.,원안 유지
EP.092,공포영화,공포영화 보자더니 불 켜고 자자는 여친,그럴 거면 보지 말자 👈 / 👉 같이 봤으면 책임져,같이 보자고 한 사람이 끝까지 같이 있어 주는 게 약속이에요.,원안 유지
EP.093,택배개봉,"새 옷 택배, 칼에 같이 잘렸다",실수니까 넘어가 👈 / 👉 옷값 물어 줘야지,"실수 싸움은 옷보다, 내 물건을 함부로 다룬 느낌에서 커져요.",교체 권장 문구는 제목으로 쓰지 않음. 원 대본은 유지하고 배달비 주제는 N18로 추가
EP.094,아침 갈등,"주말 아침, 라면 냄새 vs 샐러드",한 입만 먹으면 돼 👈 / 👉 냄새부터 반칙,아침 메뉴 싸움은 칼로리보다 같이 앉은 식탁의 배려예요.,대본은 라면과 샐러드
EP.095,내비갈등,"내비 말고 지름길, 결국 엉뚱한 길",운전자 판단 존중 👈 / 👉 내비 말 들었어야지,"지름길 싸움은 시간보다, 내 말을 무시했다는 느낌이에요.",대본에 없는 30분 지각은 빼 둠
EP.096,게임,"""한 판만"" 하다가 설거지는 그대로",한 판은 끝내야지 👈 / 👉 약속이 먼저,"한 판은 휴식이지만, 미룬 약속이 쌓이면 우선순위가 보여요.",대본에 없는 2시간은 빼 둠
EP.097,답장,"친구한텐 바로, 남친 답장은 10분 뒤",바빴을 수도 있지 👈 / 👉 1분이면 보내잖아,"답장 속도는 바쁨보다, 내가 몇 번째인지의 문제로 읽혀요.",대본은 십 분
EP.098,우유팩,빈 우유팩을 다시 냉장고에 넣는 남자,나중에 버리려 했어 👈 / 👉 그게 제일 짜증,"빈 팩을 도로 넣는 건, 뒤를 혼자 치우게 두는 일이에요.",원안 유지
EP.099,세일 쇼핑,"""세일이라 샀어"" 했더니 돌아온 말은 ""또?""",세일이면 이득 👈 / 👉 안 사면 100% 할인,"세일은 이득이지만, 같이 쓰는 돈에서는 상의가 먼저예요.",대본에 없는 '다섯 번째'는 빼 둠
EP.100,변기 뚜껑,"변기 뚜껑, 몇 번을 말해야 알아?",사소한 걸로 뭘 👈 / 👉 사소하니까 지켜 줘,사소한 부탁을 반복하게 하면 상대는 존중받지 못한다고 느껴요.,원안 유지. 횟수는 관용 표현
EP.101,질투,예쁜 배우 얘기만 하면 질투하는 남친,그냥 배우 얘기 👈 / 👉 굳이 '예쁜'은 왜,동료가 아니라 배우여도 '예쁜'이라는 한마디가 비교를 만들어요.,대본은 회사 동료가 아니라 배우
EP.102,야근 냄새,"야근했다는데, 옷에서 고기 냄새",회식 냄새야 👈 / 👉 그건 설명이 필요해,"의심은 냄새보다, 설명이 늦을 때 커져요.",대본은 향수가 아니라 고기 냄새
EP.103,감정차이,"슬픈 드라마에 ""왜 혼자 울어?""",공감 못 할 수도 👈 / 👉 말이라도 맞춰 줘,"공감은 같은 감정이 아니라, 상대 감정에 잠시 머무는 일이에요.",대본 대사에 맞춤
EP.104,휴대폰,"침대에서 ""영상 하나만 더"" 하는 남친",쉬는 시간도 필요 👈 / 👉 같이 누워서 폰만?,같이 있는 시간의 폰은 휴식이 아니라 자리를 비운 신호로 보여요.,대본에 없는 2시간은 빼 둠
EP.105,휴대폰,설거지 남았는데 폰부터 보는 남친,쉬고 나서 하면 되지 👈 / 👉 부탁했으면 지금,나중은 거절의 부드러운 말이고 상대는 미룸을 무시로 들어요.,096·104와 겹쳐 교체 권장. 원 대본(설거지)은 유지하고 새벽 보이스챗은 N10으로 추가
EP.106,현금선물,"생일 선물, 고른 마음 없이 현금 봉투?",필요한 걸 사라 그게 배려 👈 / 👉 고르는 시간이 선물,"현금은 편하지만, 상대는 금액보다 고민한 시간을 읽어요.",현금 선물 소재가 겹쳐 교체 권장. 원 대본은 유지하고 커플통장 인출은 N11로 추가
EP.107,요리 실수,"태운 냄비 앞에서 나온 말, ""또?""",농담이었어 👈 / 👉 그 한마디가 제일 아파,농담의 타이밍이 어긋나면 그 한마디가 하루의 노력을 지워요.,대본은 '이번에도 또'
