ID,부제,화자,훅,싸움 요약,심리 한 줄,투표
N01,1원 정산편,여자,"데이트비 정산, 1원 단위까지 보내는 남친",남친이 매 데이트 후 정산 앱으로 1원 단위까지 청구,"정확함은 공정의 언어, 넉넉함은 애정의 언어. 서로 다른 언어를 쓰는 중",정확한 게 공평 / 연인끼리 너무 정 없다
N02,전 여친 텀블러편,여자,"아직도 쓰는 그 텀블러, 전 여친 선물이었어?",3년째 쓰는 텀블러가 전 여친 선물이라는 걸 알게 됨,물건엔 죄가 없지만 '모른 척 계속 쓰는 것'은 신호로 읽힘,물건은 물건일 뿐 / 알았으면 바꿔야지
N03,"새벽 2시 ""자?""편",여자,"새벽 2시 ""자?"" 안 받았다고 아침에 싸움",여친이 불안한 꿈을 꾸고 전화했는데 남친은 무음,새벽 연락은 내용보다 '받아 줄 사람이 있다'는 확인,자는 시간은 존중 / 새벽 전화는 이유가 있어
N04,에어컨 18도편,여자,"에어컨 18도 vs 26도, 전기요금은 반반?","동거 커플, 더위 타는 남친 때문에 전기요금 두 배",온도 싸움은 결국 '비용을 누가 내나'의 싸움,반반이 원칙 / 많이 쓴 사람이 더 내
N05,1000일 잊은편,여자,"1000일인데 ""오늘 뭐 있어?""",캘린더 알림이 꺼져 1000일을 잊은 남친,기념일은 날짜 시험이 아니라 '나를 기억하나' 확인,알림 탓이지 / 1000일은 알림 없이도 기억해야지
N06,넷플 전 애인 계정편,여자,"우리가 보는 넷플릭스, 전 여친 계정이었어?",남친이 전 여친 가족 요금제 계정을 아직 사용,공짜의 대가는 '아직 연결돼 있다'는 인상,돈 아끼는 게 뭐 어때 / 당장 끊어
N07,결승전 vs 결혼식편,여자,"월드컵 결승 날, 여친 친구 결혼식","같은 날 저녁, 남친은 중계를 보려고 2부를 빠지려 함",우선순위 싸움은 '내 사람들을 존중하나'의 문제,결승은 4년에 한 번 / 결혼은 평생 한 번
N08,연봉 역전편,여자,"여친 연봉 오르자 ""이제 네가 사""",여친 이직 후 연봉이 역전되자 데이트비 비율 조정 제안,비율 정산은 합리적이지만 말하는 '타이밍'이 감정을 좌우,버는 만큼 내는 게 맞지 / 축하가 먼저지
N09,편의점 케이크편,여자,"생일 케이크, 5만 원 vs 편의점 5천 원","남친이 ""맛은 똑같다""며 편의점 케이크 준비",가격이 아니라 '고민한 시간'을 선물로 읽음,맛은 똑같잖아 / 생일인데 성의는
N10,새벽 보이스챗편,여자,"새벽 1시, 여사친이랑 보이스챗 게임",남친이 게임 팀원인 여사친과 새벽까지 음성 채팅,질투의 기준은 행동보다 '시간대'와 '빈도',게임 팀원일 뿐 / 새벽 1시는 선 넘었지
N11,커플통장 인출편,여자,커플통장에서 몰래 30만 원 인출,남친이 급하다며 상의 없이 인출하고 나중에 채움,공동의 돈은 금액보다 '먼저 말했나'가 신뢰,다시 채웠잖아 / 몰래 뺀 게 문제
N12,전 남친 결혼식편,남자,"전 남친 결혼식 청첩장, 가도 돼?",대학 동기 모임이라 여친이 참석하려 함,과거를 정리했다는 증명과 현재 연인의 불안은 별개,동기면 갈 수도 / 굳이 가야 해?
N13,전기장판편,남자,전기장판 켜는 사람 vs 끄는 사람,"한 침대에서 여친은 40도, 남친은 땀",체온 차이는 설득이 아니라 '장비 분리'가 답,더우면 못 자 / 추우면 못 자
N14,친구 남친 비교편,남자,친구 남친은 100일에 호텔 뷔페,여친이 친구 SNS를 보여 주며 은근히 비교,비교는 요구가 아니라 '나도 특별하고 싶다'는 신호,비교는 반칙 / 힌트였어
N15,양가 용돈편,여자,"우리 부모님 30, 너희 부모님 50?","결혼 1년 차, 양가 용돈 금액이 다름",돈의 크기보다 '기준을 누가 정했나'가 핵심,형편 따라 다를 수 있지 / 무조건 똑같이
N16,회식 연락 두절편,여자,"회식 3시간 연락 두절, ""폰 배터리 없었어""",여친이 11시까지 연락을 기다림,연락은 보고가 아니라 '걱정을 덜어 주는 배려',회식 중엔 어렵지 / 화장실 갈 때 한 통
N17,이별 노래 프사편,여자,카톡 프로필 음악이 이별 노래?,싸운 다음 날 남친 프로필 음악이 이별 노래로 바뀜,간접 표현은 대화 대신 '관객'을 부름,그냥 좋은 노래 / 저격이잖아
N18,배달비 4천 원편,여자,배달비 4천 원 아까워서 비 오는데 포장?,비 오는 날 남친이 걸어서 포장하러 가자고 함,절약의 기준이 다르면 상대의 수고가 비용에서 빠짐,4천 원도 돈이야 / 내 수고는 공짜야?
N19,선물 가격차편,여자,"난 30만 원, 넌 3만 원?",기념일 선물 가격 차이가 10배,선물은 교환이 아니지만 '균형'이 깨지면 서운함이 됨,마음이 중요하지 / 차이가 너무 크잖아
N20,클라우드 사진편,여자,클라우드에 남은 전 여친 사진 500장,사진 정리 중 자동 백업된 옛 사진을 발견,삭제 요구는 과거 통제가 아니라 '현재 확인' 욕구,까먹었던 거야 / 지금 당장 지워
